上次交易,交易权属,产权所属,单价,售价,套内面积,建筑类型,建筑结构,建筑面积,户型结构,房屋年限,房屋户型,房屋朝向,房屋用途,房本备件,房源核验码,所在楼层,抵押信息,挂牌时间,标题,梯户比例,装修情况,详情页,配备电梯
上次交易,交易权属,产权所属,单价,售价,套内面积,建筑类型,建筑结构,建筑面积,户型结构,房屋年限,房屋户型,房屋朝向,房屋用途,房本备件,房源核验码,所在楼层,抵押信息,挂牌时间,标题,梯户比例,装修情况,详情页,配备电梯
上次交易,交易权属,产权所属,单价,售价,套内面积,建筑类型,建筑结构,建筑面积,户型结构,房屋年限,房屋户型,房屋朝向,房屋用途,房本备件,房源核验码,所在楼层,抵押信息,挂牌时间,标题,梯户比例,装修情况,详情页,配备电梯
上次交易,交易权属,产权所属,单价,售价,套内面积,建筑类型,建筑结构,建筑面积,户型结构,房屋年限,房屋户型,房屋朝向,房屋用途,房本备件,房源核验码,所在楼层,抵押信息,挂牌时间,标题,梯户比例,装修情况,详情页,配备电梯
上次交易,交易权属,产权所属,单价,售价,套内面积,建筑类型,建筑结构,建筑面积,户型结构,房屋年限,房屋户型,房屋朝向,房屋用途,房本备件,房源核验码,所在楼层,抵押信息,挂牌时间,标题,梯户比例,装修情况,详情页,配备电梯
上次交易,交易权属,产权所属,单价,售价,套内面积,建筑类型,建筑结构,建筑面积,户型结构,房屋年限,房屋户型,房屋朝向,房屋用途,房本备件,房源核验码,所在楼层,抵押信息,挂牌时间,标题,梯户比例,装修情况,详情页,配备电梯
上次交易,交易权属,产权所属,单价,售价,套内面积,建筑类型,建筑结构,建筑面积,户型结构,房屋年限,房屋户型,房屋朝向,房屋用途,房本备件,房源核验码,所在楼层,抵押信息,挂牌时间,标题,梯户比例,装修情况,详情页,配备电梯
上次交易,交易权属,产权所属,单价,售价,套内面积,建筑类型,建筑结构,建筑面积,户型结构,房屋年限,房屋户型,房屋朝向,房屋用途,房本备件,房源核验码,所在楼层,抵押信息,挂牌时间,标题,梯户比例,装修情况,详情页,配备电梯
上次交易,交易权属,产权所属,单价,售价,套内面积,建筑类型,建筑结构,建筑面积,户型结构,房屋年限,房屋户型,房屋朝向,房屋用途,房本备件,房源核验码,所在楼层,抵押信息,挂牌时间,标题,梯户比例,装修情况,详情页,配备电梯
上次交易,交易权属,产权所属,单价,售价,套内面积,建筑类型,建筑结构,建筑面积,户型结构,房屋年限,房屋户型,房屋朝向,房屋用途,房本备件,房源核验码,所在楼层,抵押信息,挂牌时间,标题,梯户比例,装修情况,详情页,配备电梯
上次交易,交易权属,产权所属,单价,售价,套内面积,建筑类型,建筑结构,建筑面积,户型结构,房屋年限,房屋户型,房屋朝向,房屋用途,房本备件,房源核验码,所在楼层,抵押信息,挂牌时间,标题,梯户比例,装修情况,详情页,配备电梯
上次交易,交易权属,产权所属,单价,售价,套内面积,建筑类型,建筑结构,建筑面积,户型结构,房屋年限,房屋户型,房屋朝向,房屋用途,房本备件,房源核验码,所在楼层,抵押信息,挂牌时间,标题,梯户比例,装修情况,详情页,配备电梯
上次交易,交易权属,产权所属,单价,售价,套内面积,建筑类型,建筑结构,建筑面积,户型结构,房屋年限,房屋户型,房屋朝向,房屋用途,房本备件,房源核验码,所在楼层,抵押信息,挂牌时间,标题,梯户比例,装修情况,详情页,配备电梯
上次交易,交易权属,产权所属,单价,售价,套内面积,建筑类型,建筑结构,建筑面积,户型结构,房屋年限,房屋户型,房屋朝向,房屋用途,房本备件,房源核验码,所在楼层,抵押信息,挂牌时间,标题,梯户比例,装修情况,详情页,配备电梯
上次交易,交易权属,产权所属,单价,售价,套内面积,建筑类型,建筑结构,建筑面积,户型结构,房屋年限,房屋户型,房屋朝向,房屋用途,房本备件,房源核验码,所在楼层,抵押信息,挂牌时间,标题,梯户比例,装修情况,详情页,配备电梯
